{
	"IcoMoonType": "selection",
	"icons": [
		{
			"icon": {
				"paths": [
					"M576 384h-320v64h320v-64zM384 256h-128v64h128v-64zM768 228.531v-100.531h-140.812l-179.188-128-179.188 128h-140.812v100.531l-128 91.469v640h896v-640l-128-91.469zM192 192h512v244.812l-256 211.188-256-211.188v-244.812zM64 448l252.031 191.625-252.031 192.375v-384zM128 896l254-206.25 66 50.25 65.875-50.125 254.125 206.125h-640zM832 832l-252.375-192.062 252.375-191.938v384z"
				],
				"width": 896,
				"attrs": [
					{}
				],
				"isMulticolor": false,
				"colorPermutations": {
					"6868681": [
						0
					]
				},
				"tags": [
					"mail-read"
				],
				"grid": 16
			},
			"attrs": [
				{}
			],
			"properties": {
				"order": 1,
				"id": 0,
				"prevSize": 32,
				"code": 58880,
				"name": "mail-read"
			},
			"setIdx": 0,
			"setId": 3,
			"iconIdx": 0
		},
		{
			"icon": {
				"paths": [
					"M0 192v640h896v-640h-896zM768 256l-320 264-320-264h640zM64 320l252.031 191.625-252.031 192.375v-384zM128 768l254-206.25 66 50.25 65.875-50.125 254.125 206.125h-640zM832 704l-252.375-192.062 252.375-191.938v384z"
				],
				"width": 896,
				"attrs": [
					{}
				],
				"isMulticolor": false,
				"colorPermutations": {
					"6868681": [
						0
					]
				},
				"tags": [
					"mail"
				],
				"grid": 16
			},
			"attrs": [
				{}
			],
			"properties": {
				"order": 2,
				"id": 1,
				"prevSize": 32,
				"code": 58881,
				"name": "mail-unread"
			},
			"setIdx": 0,
			"setId": 3,
			"iconIdx": 1
		},
		{
			"icon": {
				"paths": [
					"M896 0h-768c-70.4 0-128 57.6-128 128v768c0 70.4 57.6 128 128 128h768c70.4 0 128-57.6 128-128v-768c0-70.4-57.6-128-128-128zM448 794.51l-237.254-237.256 90.51-90.508 146.744 146.744 306.746-306.746 90.508 90.51-397.254 397.256z"
				],
				"attrs": [],
				"isMulticolor": false,
				"tags": [
					"checkbox-checked",
					"checkbox",
					"tick",
					"checked",
					"selected"
				],
				"grid": 16
			},
			"attrs": [],
			"properties": {
				"order": 3,
				"prevSize": 32,
				"ligatures": "checkbox-checked, checkbox",
				"name": "cheetah-selected",
				"id": 2,
				"code": 59648
			},
			"setIdx": 0,
			"setId": 3,
			"iconIdx": 2
		},
		{
			"icon": {
				"paths": [
					"M896 0h-768c-70.4 0-128 57.6-128 128v768c0 70.4 57.6 128 128 128h768c70.4 0 128-57.6 128-128v-768c0-70.4-57.6-128-128-128zM896 896h-768v-768h768v768z"
				],
				"attrs": [],
				"isMulticolor": false,
				"tags": [
					"checkbox-unchecked",
					"checkbox",
					"unchecked",
					"square"
				],
				"grid": 16
			},
			"attrs": [],
			"properties": {
				"order": 4,
				"prevSize": 32,
				"ligatures": "checkbox-unchecked, checkbox2",
				"name": "cheetah-not-selected",
				"id": 3,
				"code": 59649
			},
			"setIdx": 0,
			"setId": 3,
			"iconIdx": 3
		},
		{
			"icon": {
				"paths": [
					"M1014.662 822.66c-0.004-0.004-0.008-0.008-0.012-0.010l-310.644-310.65 310.644-310.65c0.004-0.004 0.008-0.006 0.012-0.010 3.344-3.346 5.762-7.254 7.312-11.416 4.246-11.376 1.824-24.682-7.324-33.83l-146.746-146.746c-9.148-9.146-22.45-11.566-33.828-7.32-4.16 1.55-8.070 3.968-11.418 7.31 0 0.004-0.004 0.006-0.008 0.010l-310.648 310.652-310.648-310.65c-0.004-0.004-0.006-0.006-0.010-0.010-3.346-3.342-7.254-5.76-11.414-7.31-11.38-4.248-24.682-1.826-33.83 7.32l-146.748 146.748c-9.148 9.148-11.568 22.452-7.322 33.828 1.552 4.16 3.97 8.072 7.312 11.416 0.004 0.002 0.006 0.006 0.010 0.010l310.65 310.648-310.65 310.652c-0.002 0.004-0.006 0.006-0.008 0.010-3.342 3.346-5.76 7.254-7.314 11.414-4.248 11.376-1.826 24.682 7.322 33.83l146.748 146.746c9.15 9.148 22.452 11.568 33.83 7.322 4.16-1.552 8.070-3.97 11.416-7.312 0.002-0.004 0.006-0.006 0.010-0.010l310.648-310.65 310.648 310.65c0.004 0.002 0.008 0.006 0.012 0.008 3.348 3.344 7.254 5.762 11.414 7.314 11.378 4.246 24.684 1.826 33.828-7.322l146.746-146.748c9.148-9.148 11.57-22.454 7.324-33.83-1.552-4.16-3.97-8.068-7.314-11.414z"
				],
				"attrs": [],
				"isMulticolor": false,
				"tags": [
					"cross",
					"cancel",
					"close",
					"quit",
					"remove"
				],
				"grid": 16
			},
			"attrs": [],
			"properties": {
				"order": 6,
				"prevSize": 32,
				"ligatures": "cross, cancel",
				"name": "cheetah-close",
				"id": 4,
				"code": 59651
			},
			"setIdx": 0,
			"setId": 3,
			"iconIdx": 4
		},
		{
			"icon": {
				"paths": [
					"M889.68 166.32c-93.608-102.216-228.154-166.32-377.68-166.32-282.77 0-512 229.23-512 512h96c0-229.75 186.25-416 416-416 123.020 0 233.542 53.418 309.696 138.306l-149.696 149.694h352v-352l-134.32 134.32z",
					"M928 512c0 229.75-186.25 416-416 416-123.020 0-233.542-53.418-309.694-138.306l149.694-149.694h-352v352l134.32-134.32c93.608 102.216 228.154 166.32 377.68 166.32 282.77 0 512-229.23 512-512h-96z"
				],
				"attrs": [],
				"isMulticolor": false,
				"tags": [
					"loop",
					"repeat",
					"player",
					"reload",
					"refresh",
					"update",
					"synchronize",
					"arrows"
				],
				"grid": 16
			},
			"attrs": [],
			"properties": {
				"order": 5,
				"prevSize": 32,
				"ligatures": "loop2, repeat2",
				"name": "cheetah-synchronize",
				"id": 5,
				"code": 59650
			},
			"setIdx": 0,
			"setId": 3,
			"iconIdx": 5
		},
		{
			"icon": {
				"paths": [
					"M877.254 402.746l-320-320c-24.992-24.994-65.514-24.994-90.508 0l-320 320c-24.994 24.994-24.994 65.516 0 90.51 24.994 24.996 65.516 24.996 90.51 0l210.744-210.746v613.49c0 35.346 28.654 64 64 64s64-28.654 64-64v-613.49l210.746 210.746c12.496 12.496 28.876 18.744 45.254 18.744s32.758-6.248 45.254-18.746c24.994-24.994 24.994-65.514 0-90.508z"
				],
				"attrs": [],
				"isMulticolor": false,
				"tags": [
					"arrow-up",
					"up",
					"upload",
					"top"
				],
				"grid": 16
			},
			"attrs": [],
			"properties": {
				"order": 132,
				"prevSize": 32,
				"ligatures": "arrow-up2, up2",
				"name": "cheetah-arrow-up",
				"id": 315,
				"code": 59652
			},
			"setIdx": 3,
			"setId": 0,
			"iconIdx": 314
		}
	],
	"height": 1024,
	"metadata": {
		"name": "icomoon"
	},
	"preferences": {
		"showGlyphs": true,
		"showQuickUse": true,
		"showQuickUse2": true,
		"showSVGs": true,
		"fontPref": {
			"prefix": "icon-",
			"metadata": {
				"fontFamily": "icomoon"
			},
			"metrics": {
				"emSize": 1024,
				"baseline": 6.25,
				"whitespace": 50
			},
			"embed": false
		},
		"imagePref": {
			"prefix": "icon-",
			"png": true,
			"useClassSelector": true,
			"color": 4473924,
			"bgColor": 16777215
		},
		"historySize": 100,
		"showCodes": true,
		"gridSize": 16,
		"showGrid": true
	}
}